customer_id,recency,frequency,monetary,R_score,F_score,M_score,RFM_score,segment,churned,churn_probability,churn_risk
CUST0001,44,4,12978.75,3,2,2,7,Loyal customers,0,0.0,
CUST0002,17,21,36895.35,4,4,4,12,Champions,0,0.0,
CUST0003,107,6,12295.2,2,2,2,6,At-risk,1,1.0,High
CUST0004,65,6,20699.2,2,2,3,7,Loyal customers,0,0.006666666666666667,Low
CUST0008,69,11,24905.3,2,3,3,8,Loyal customers,0,0.0,
CUST0009,229,7,11746.699999999999,1,2,2,5,At-risk,1,1.0,High
CUST0010,227,8,18323.800000000003,1,3,3,7,Loyal customers,1,1.0,High
CUST0012,71,30,75225.85,2,4,4,10,Champions,0,0.02,Low
CUST0013,82,15,36732.6,2,4,4,10,Champions,0,0.0,
CUST0014,198,1,3738.3,1,1,1,3,Lost / inactive,1,1.0,High
CUST0017,16,2,1637.3,4,1,1,6,At-risk,0,0.0,
CUST0018,50,5,14332.25,3,2,2,7,Loyal customers,0,0.0,
CUST0019,467,4,4179.7,1,2,1,4,Lost / inactive,1,1.0,High
CUST0020,21,2,3955.05,4,1,1,6,At-risk,0,0.0,
CUST0021,23,8,7299.85,4,3,2,9,Loyal customers,0,0.0,
CUST0023,237,1,3507.3,1,1,1,3,Lost / inactive,1,1.0,High
CUST0024,122,3,7191.05,2,1,2,5,At-risk,1,1.0,High
CUST0025,142,2,9496.2,2,1,2,5,At-risk,1,1.0,High
CUST0026,15,13,34065.4,4,3,4,11,Champions,0,0.0,
CUST0027,385,1,2697.0,1,1,1,3,Lost / inactive,1,1.0,High
CUST0028,452,2,7460.95,1,1,2,4,Lost / inactive,1,1.0,High
CUST0029,17,8,10736.35,4,3,2,9,Loyal customers,0,0.0,
CUST0031,172,5,12402.4,2,2,2,6,At-risk,1,1.0,High
CUST0032,447,1,4998.0,1,1,1,3,Lost / inactive,1,1.0,High
CUST0034,35,16,29116.55,3,4,3,10,Champions,0,0.0,
CUST0035,8,27,62883.799999999996,4,4,4,12,Champions,0,0.0,
CUST0036,69,9,16716.15,2,3,3,8,Loyal customers,0,0.02666666666666667,Low
CUST0037,441,2,1704.3,1,1,1,3,Lost / inactive,1,1.0,High
CUST0039,114,12,30629.05,2,3,3,8,Loyal customers,1,1.0,High
CUST0040,86,1,2396.0,2,1,1,4,Lost / inactive,0,0.0,
CUST0042,220,6,6274.25,1,2,2,5,At-risk,1,1.0,High
CUST0044,55,20,55059.950000000004,3,4,4,11,Champions,0,0.0,
CUST0045,694,1,796.0,1,1,1,3,Lost / inactive,1,1.0,High
CUST0046,20,10,26660.2,4,3,3,10,Champions,0,0.0,
CUST0047,479,1,399.0,1,1,1,3,Lost / inactive,1,1.0,High
CUST0048,132,3,3786.4500000000003,2,1,1,4,Lost / inactive,1,1.0,High
CUST0049,490,2,1595.0,1,1,1,3,Lost / inactive,1,1.0,High
CUST0051,27,15,43296.25,3,4,4,11,Champions,0,0.0,
CUST0052,2,9,17668.05,4,3,3,10,Champions,0,0.0,
CUST0053,10,20,34175.95,4,4,4,12,Champions,0,0.0,
CUST0054,176,16,27747.0,1,4,3,8,Loyal customers,1,0.98,High
CUST0055,430,5,8451.15,1,2,2,5,At-risk,1,1.0,High
CUST0056,88,13,31409.05,2,3,3,8,Loyal customers,0,0.05333333333333334,Low
CUST0061,617,1,2396.0,1,1,1,3,Lost / inactive,1,1.0,High
CUST0063,85,18,42156.45,2,4,4,10,Champions,0,0.006666666666666667,Low
CUST0064,143,7,13793.3,2,2,2,6,At-risk,1,0.9933333333333333,High
CUST0066,73,10,34721.3,2,3,4,9,Loyal customers,0,0.0,
CUST0068,119,20,53234.75,2,4,4,10,Champions,1,0.98,High
CUST0070,2,19,48530.05,4,4,4,12,Champions,0,0.0,
CUST0071,21,12,33242.35,4,3,3,10,Champions,0,0.006666666666666667,Low
CUST0074,96,13,42898.7,2,3,4,9,Loyal customers,1,0.9733333333333334,High
CUST0075,289,4,12804.7,1,2,2,5,At-risk,1,1.0,High
CUST0076,5,8,12556.35,4,3,2,9,Loyal customers,0,0.0,
CUST0077,122,10,32083.8,2,3,3,8,Loyal customers,1,0.9866666666666667,High
CUST0079,60,5,20663.499999999996,3,2,3,8,Loyal customers,0,0.0,
CUST0081,37,21,48328.8,3,4,4,11,Champions,0,0.0,
CUST0082,115,10,13159.8,2,3,2,7,Loyal customers,1,1.0,High
CUST0083,102,3,6181.65,2,1,2,5,At-risk,1,1.0,High
CUST0086,715,2,5795.0,1,1,2,4,Lost / inactive,1,1.0,High
CUST0087,70,19,51042.700000000004,2,4,4,10,Champions,0,0.0,
CUST0088,25,8,19939.949999999997,4,3,3,10,Champions,0,0.0,
CUST0089,27,19,42978.6,3,4,4,11,Champions,0,0.0,
CUST0090,117,4,8407.6,2,2,2,6,At-risk,1,1.0,High
CUST0092,52,10,21247.8,3,3,3,9,Loyal customers,0,0.0,
CUST0093,42,14,38442.4,3,3,4,10,Champions,0,0.0,
CUST0094,75,7,5446.05,2,2,1,5,At-risk,0,0.013333333333333334,Low
CUST0095,121,7,6708.6,2,2,2,6,At-risk,1,1.0,High
CUST0096,141,3,9992.0,2,1,2,5,At-risk,1,1.0,High
CUST0097,13,4,4872.6,4,2,1,7,Loyal customers,0,0.0,
CUST0098,27,1,636.8,3,1,1,5,At-risk,0,0.006666666666666667,Low
CUST0102,42,7,16204.3,3,2,2,7,Loyal customers,0,0.0,
CUST0103,353,1,3236.4,1,1,1,3,Lost / inactive,1,1.0,High
CUST0104,108,4,9462.05,2,2,2,6,At-risk,1,1.0,High
CUST0105,4,17,38194.85,4,4,4,12,Champions,0,0.0,
CUST0106,562,2,1876.05,1,1,1,3,Lost / inactive,1,1.0,High
CUST0107,88,1,3312.45,2,1,1,4,Lost / inactive,0,0.013333333333333334,Low
CUST0108,33,9,15518.9,3,3,2,8,Loyal customers,0,0.0,
CUST0111,136,1,594.15,2,1,1,4,Lost / inactive,1,1.0,High
CUST0112,375,2,1615.45,1,1,1,3,Lost / inactive,1,1.0,High
CUST0113,46,26,71785.6,3,4,4,11,Champions,0,0.0,
CUST0114,142,17,50134.6,2,4,4,10,Champions,1,0.96,High
CUST0115,56,9,21116.649999999998,3,3,3,9,Loyal customers,0,0.0,
CUST0116,1,19,72027.75,4,4,4,12,Champions,0,0.0,
CUST0117,18,16,43224.7,4,4,4,12,Champions,0,0.0,
CUST0119,21,17,24287.85,4,4,3,11,Champions,0,0.0,
CUST0120,359,3,6370.5,1,1,2,4,Lost / inactive,1,1.0,High
CUST0121,16,14,34770.35,4,3,4,11,Champions,0,0.0,
CUST0122,92,15,29951.95,2,4,3,9,Loyal customers,1,0.8733333333333333,High
CUST0123,437,1,3897.0,1,1,1,3,Lost / inactive,1,1.0,High
CUST0126,287,4,4169.05,1,2,1,4,Lost / inactive,1,1.0,High
CUST0127,25,16,59240.35,4,4,4,12,Champions,0,0.0,
CUST0128,98,16,24845.8,2,4,3,9,Loyal customers,1,0.9666666666666667,High
CUST0130,6,4,5471.8,4,2,1,7,Loyal customers,0,0.0,
CUST0131,87,1,2397.6,2,1,1,4,Lost / inactive,0,0.0,
CUST0132,115,1,249.0,2,1,1,4,Lost / inactive,1,1.0,High
CUST0134,310,2,1277.05,1,1,1,3,Lost / inactive,1,1.0,High
CUST0135,64,18,26771.15,3,4,3,10,Champions,0,0.0,
CUST0137,103,5,22561.75,2,2,3,7,Loyal customers,1,1.0,High
CUST0138,9,12,30239.55,4,3,3,10,Champions,0,0.006666666666666667,Low
CUST0139,215,3,4882.55,1,1,1,3,Lost / inactive,1,1.0,High
CUST0140,17,22,43701.95,4,4,4,12,Champions,0,0.0,
CUST0141,2,27,51137.5,4,4,4,12,Champions,0,0.0,
CUST0142,33,1,5196.0,3,1,1,5,At-risk,0,0.0,
CUST0143,130,3,17792.2,2,1,3,6,At-risk,1,1.0,High
CUST0145,258,1,898.0,1,1,1,3,Lost / inactive,1,1.0,High
CUST0147,52,11,27604.95,3,3,3,9,Loyal customers,0,0.0,
CUST0148,75,3,16122.2,2,1,2,5,At-risk,0,0.006666666666666667,Low
CUST0151,119,12,28271.850000000002,2,3,3,8,Loyal customers,1,1.0,High
CUST0154,28,4,7145.85,3,2,2,7,Loyal customers,0,0.0,
CUST0155,99,19,37257.85,2,4,4,10,Champions,1,0.9733333333333334,High
CUST0156,564,1,8922.45,1,1,2,4,Lost / inactive,1,1.0,High
CUST0157,32,8,19639.05,3,3,3,9,Loyal customers,0,0.0,
CUST0158,49,11,31725.95,3,3,3,9,Loyal customers,0,0.006666666666666667,Low
CUST0160,6,11,23096.3,4,3,3,10,Champions,0,0.0,
CUST0161,212,1,798.0,1,1,1,3,Lost / inactive,1,1.0,High
CUST0162,54,12,24268.85,3,3,3,9,Loyal customers,0,0.0,
CUST0163,272,6,7265.3,1,2,2,5,At-risk,1,0.9933333333333333,High
CUST0164,37,5,6983.15,3,2,2,7,Loyal customers,0,0.0,
CUST0166,22,13,35403.05,4,3,4,11,Champions,0,0.0,
CUST0167,491,1,1528.3,1,1,1,3,Lost / inactive,1,1.0,High
CUST0170,14,6,11643.900000000001,4,2,2,8,Loyal customers,0,0.0,
CUST0171,130,9,18987.95,2,3,3,8,Loyal customers,1,1.0,High
CUST0173,125,7,17181.2,2,2,3,7,Loyal customers,1,1.0,High
CUST0174,583,1,1198.0,1,1,1,3,Lost / inactive,1,1.0,High
CUST0175,35,12,33281.85,3,3,3,9,Loyal customers,0,0.006666666666666667,Low
CUST0177,15,11,39525.7,4,3,4,11,Champions,0,0.0,
CUST0178,82,2,2792.0,2,1,1,4,Lost / inactive,0,0.006666666666666667,Low
CUST0179,40,16,58356.8,3,4,4,11,Champions,0,0.0,
CUST0181,207,1,2156.4,1,1,1,3,Lost / inactive,1,1.0,High
CUST0183,45,14,21927.35,3,3,3,9,Loyal customers,0,0.0,
CUST0184,79,14,28449.35,2,3,3,8,Loyal customers,0,0.013333333333333334,Low
CUST0185,631,1,756.2,1,1,1,3,Lost / inactive,1,1.0,High
CUST0186,170,8,15017.1,2,3,2,7,Loyal customers,1,1.0,High
CUST0187,17,11,16783.0,4,3,3,10,Champions,0,0.0,
CUST0188,233,2,4016.6,1,1,1,3,Lost / inactive,1,0.9933333333333333,High
CUST0189,59,8,7783.8,3,3,2,8,Loyal customers,0,0.0,
CUST0192,13,15,46142.35,4,4,4,12,Champions,0,0.0,
CUST0193,98,17,39008.8,2,4,4,10,Champions,1,0.98,High
CUST0194,103,8,18772.1,2,3,3,8,Loyal customers,1,1.0,High
CUST0195,156,2,5874.4,2,1,2,5,At-risk,1,0.9866666666666667,High
CUST0196,660,1,2397.6,1,1,1,3,Lost / inactive,1,1.0,High
CUST0197,204,10,11715.1,1,3,2,6,At-risk,1,1.0,High
CUST0198,17,15,27931.85,4,4,3,11,Champions,0,0.0,
CUST0199,77,13,28165.1,2,3,3,8,Loyal customers,0,0.02,Low
CUST0200,8,21,32626.05,4,4,3,11,Champions,0,0.0,
CUST0201,42,10,39309.05,3,3,4,10,Champions,0,0.0,
CUST0204,54,19,45073.7,3,4,4,11,Champions,0,0.0,
CUST0205,55,5,7358.8,3,2,2,7,Loyal customers,0,0.0,
CUST0208,33,17,46658.65,3,4,4,11,Champions,0,0.0,
CUST0211,11,5,12238.3,4,2,2,8,Loyal customers,0,0.0,
CUST0212,24,11,25670.5,4,3,3,10,Champions,0,0.0,
CUST0213,35,7,25996.4,3,2,3,8,Loyal customers,0,0.0,
CUST0215,50,13,33057.2,3,3,3,9,Loyal customers,0,0.0,
CUST0217,106,4,7029.4,2,2,2,6,At-risk,1,0.9866666666666667,High
CUST0218,53,11,20863.65,3,3,3,9,Loyal customers,0,0.0,
CUST0219,7,8,26740.5,4,3,3,10,Champions,0,0.0,
CUST0220,115,9,19516.649999999998,2,3,3,8,Loyal customers,1,1.0,High
CUST0221,16,8,34138.0,4,3,4,11,Champions,0,0.006666666666666667,Low
CUST0222,134,6,12360.1,2,2,2,6,At-risk,1,1.0,High
CUST0224,115,2,2517.1,2,1,1,4,Lost / inactive,1,0.9866666666666667,High
CUST0227,22,21,51430.55,4,4,4,12,Champions,0,0.0,
CUST0228,105,3,5273.45,2,1,1,4,Lost / inactive,1,1.0,High
CUST0229,72,18,40027.0,2,4,4,10,Champions,0,0.013333333333333334,Low
CUST0230,64,8,30729.4,3,3,3,9,Loyal customers,0,0.0,
CUST0231,238,7,21134.7,1,2,3,6,At-risk,1,0.9933333333333333,High
CUST0232,96,3,3413.2,2,1,1,4,Lost / inactive,1,0.96,High
CUST0233,81,6,8699.7,2,2,2,6,At-risk,0,0.006666666666666667,Low
CUST0234,275,4,5742.55,1,2,1,4,Lost / inactive,1,1.0,High
CUST0236,33,9,30448.2,3,3,3,9,Loyal customers,0,0.0,
CUST0239,94,4,6290.5,2,2,2,6,At-risk,1,0.9933333333333333,High
CUST0241,29,16,54886.4,3,4,4,11,Champions,0,0.0,
CUST0242,32,20,40006.75,3,4,4,11,Champions,0,0.0,
CUST0243,18,20,49152.4,4,4,4,12,Champions,0,0.0,
CUST0246,6,16,41735.0,4,4,4,12,Champions,0,0.0,
CUST0247,38,5,12658.1,3,2,2,7,Loyal customers,0,0.0,
CUST0248,27,14,58653.4,3,3,4,10,Champions,0,0.0,
CUST0249,13,24,58182.5,4,4,4,12,Champions,0,0.0,
CUST0250,25,18,33059.55,4,4,3,11,Champions,0,0.0,
CUST0252,139,2,5114.5,2,1,1,4,Lost / inactive,1,1.0,High
CUST0253,61,18,40585.95,3,4,4,11,Champions,0,0.0,
CUST0256,12,8,29075.800000000003,4,3,3,10,Champions,0,0.0,
CUST0257,8,26,39481.1,4,4,4,12,Champions,0,0.0,
CUST0258,62,11,24341.55,3,3,3,9,Loyal customers,0,0.0,
CUST0259,13,8,29046.65,4,3,3,10,Champions,0,0.0,
CUST0261,168,7,15789.55,2,2,2,6,At-risk,1,1.0,High
CUST0262,10,26,39654.15,4,4,4,12,Champions,0,0.0,
CUST0264,255,4,11711.4,1,2,2,5,At-risk,1,1.0,High
CUST0265,251,13,16492.95,1,3,2,6,At-risk,1,0.9866666666666667,High
CUST0266,27,12,31918.05,3,3,3,9,Loyal customers,0,0.006666666666666667,Low
CUST0267,19,8,22082.6,4,3,3,10,Champions,0,0.0,
CUST0268,85,7,23061.85,2,2,3,7,Loyal customers,0,0.02,Low
CUST0269,97,2,2996.0,2,1,1,4,Lost / inactive,1,0.94,High
CUST0270,558,1,1198.0,1,1,1,3,Lost / inactive,1,1.0,High
CUST0271,59,7,10689.75,3,2,2,7,Loyal customers,0,0.0,
CUST0272,1,14,17413.45,4,3,3,10,Champions,0,0.0,
CUST0273,67,16,21900.25,2,4,3,9,Loyal customers,0,0.02,Low
CUST0274,11,10,42342.75,4,3,4,11,Champions,0,0.0,
CUST0275,217,4,8422.550000000001,1,2,2,5,At-risk,1,1.0,High
CUST0276,44,7,12156.199999999999,3,2,2,7,Loyal customers,0,0.0,
CUST0277,103,11,38927.75,2,3,4,9,Loyal customers,1,0.9933333333333333,High
CUST0278,54,8,20033.7,3,3,3,9,Loyal customers,0,0.0,
CUST0279,242,9,25916.45,1,3,3,7,Loyal customers,1,1.0,High
CUST0280,56,13,19609.8,3,3,3,9,Loyal customers,0,0.0,
CUST0281,18,15,17611.65,4,4,3,11,Champions,0,0.0,
CUST0283,53,2,2934.8,3,1,1,5,At-risk,0,0.0,
CUST0285,151,9,22218.649999999998,2,3,3,8,Loyal customers,1,1.0,High
CUST0287,102,4,4722.3,2,2,1,5,At-risk,1,0.98,High
CUST0288,79,6,3650.0,2,2,1,5,At-risk,0,0.0,
CUST0289,25,1,2876.8,4,1,1,6,At-risk,0,0.0,
CUST0290,20,5,16683.45,4,2,3,9,Loyal customers,0,0.0,
CUST0293,152,12,21698.5,2,3,3,8,Loyal customers,1,1.0,High
CUST0294,75,3,10929.3,2,1,2,5,At-risk,0,0.02,Low
CUST0296,147,7,10038.949999999999,2,2,2,6,At-risk,1,0.9933333333333333,High
CUST0297,63,14,28122.45,3,3,3,9,Loyal customers,0,0.0,
CUST0298,302,1,12596.4,1,1,2,4,Lost / inactive,1,1.0,High
CUST0299,67,8,22116.7,2,3,3,8,Loyal customers,0,0.013333333333333334,Low
CUST0300,288,1,399.0,1,1,1,3,Lost / inactive,1,1.0,High
CUST0302,9,6,19732.75,4,2,3,9,Loyal customers,0,0.0,
CUST0303,96,5,9528.4,2,2,2,6,At-risk,1,1.0,High
CUST0304,92,7,12094.4,2,2,2,6,At-risk,1,0.96,High
CUST0305,41,16,41412.55,3,4,4,11,Champions,0,0.0,
CUST0306,8,22,62415.649999999994,4,4,4,12,Champions,0,0.0,
CUST0307,85,6,14774.2,2,2,2,6,At-risk,0,0.006666666666666667,Low
CUST0308,398,2,6553.8,1,1,2,4,Lost / inactive,1,1.0,High
CUST0309,96,9,24066.9,2,3,3,8,Loyal customers,1,1.0,High
CUST0310,124,3,10591.6,2,1,2,5,At-risk,1,1.0,High
CUST0311,253,4,6151.35,1,2,2,5,At-risk,1,1.0,High
CUST0314,70,23,87629.8,2,4,4,10,Champions,0,0.02,Low
CUST0315,74,12,24967.7,2,3,3,8,Loyal customers,0,0.006666666666666667,Low
CUST0316,10,10,12855.2,4,3,2,9,Loyal customers,0,0.0,
CUST0317,171,3,4676.05,2,1,1,4,Lost / inactive,1,1.0,High
CUST0320,162,1,2374.05,2,1,1,4,Lost / inactive,1,0.9933333333333333,High
CUST0321,144,8,22080.4,2,3,3,8,Loyal customers,1,1.0,High
CUST0322,57,14,45948.15,3,3,4,10,Champions,0,0.0,
CUST0323,157,10,16126.0,2,3,2,7,Loyal customers,1,1.0,High
CUST0324,311,1,299.0,1,1,1,3,Lost / inactive,1,1.0,High
CUST0325,84,15,40692.9,2,4,4,10,Champions,0,0.013333333333333334,Low
CUST0326,23,18,37267.15,4,4,4,12,Champions,0,0.0,
CUST0327,20,8,22627.8,4,3,3,10,Champions,0,0.0,
CUST0328,36,6,20236.5,3,2,3,8,Loyal customers,0,0.0,
CUST0329,10,4,14164.45,4,2,2,8,Loyal customers,0,0.0,
CUST0330,431,1,8922.45,1,1,2,4,Lost / inactive,1,1.0,High
CUST0332,181,6,7314.45,1,2,2,5,At-risk,1,0.9933333333333333,High
CUST0337,41,11,30771.85,3,3,3,9,Loyal customers,0,0.006666666666666667,Low
CUST0338,96,12,27425.2,2,3,3,8,Loyal customers,1,1.0,High
CUST0339,183,4,5879.7,1,2,2,5,At-risk,1,1.0,High
CUST0341,45,3,4184.950000000001,3,1,1,5,At-risk,0,0.0,
CUST0342,107,5,24296.15,2,2,3,7,Loyal customers,1,1.0,High
CUST0344,76,3,3115.55,2,1,1,4,Lost / inactive,0,0.006666666666666667,Low
CUST0345,79,2,2594.0,2,1,1,4,Lost / inactive,0,0.006666666666666667,Low
CUST0346,33,3,6593.200000000001,3,1,2,6,At-risk,0,0.0,
CUST0347,26,6,14129.6,3,2,2,7,Loyal customers,0,0.0,
CUST0349,275,2,3834.15,1,1,1,3,Lost / inactive,1,1.0,High
CUST0350,322,2,10794.0,1,1,2,4,Lost / inactive,1,1.0,High
CUST0351,24,5,12787.4,4,2,2,8,Loyal customers,0,0.0,
CUST0352,29,14,23465.85,3,3,3,9,Loyal customers,0,0.0,
CUST0353,4,11,30288.05,4,3,3,10,Champions,0,0.006666666666666667,Low
CUST0356,5,10,15203.35,4,3,2,9,Loyal customers,0,0.0,
CUST0358,398,8,27122.9,1,3,3,7,Loyal customers,1,1.0,High
CUST0359,147,17,48510.95,2,4,4,10,Champions,1,0.9533333333333334,High
CUST0360,34,5,16687.8,3,2,3,8,Loyal customers,0,0.0,
CUST0361,58,5,6627.2,3,2,2,7,Loyal customers,0,0.0,
CUST0362,180,7,8262.95,1,2,2,5,At-risk,1,1.0,High
CUST0363,134,5,9188.6,2,2,2,6,At-risk,1,1.0,High
CUST0364,29,7,31545.8,3,2,3,8,Loyal customers,0,0.0,
CUST0365,7,25,64530.9,4,4,4,12,Champions,0,0.0,
CUST0366,657,1,1497.0,1,1,1,3,Lost / inactive,1,1.0,High
CUST0367,67,15,22836.899999999998,2,4,3,9,Loyal customers,0,0.0,
CUST0368,54,15,59416.55,3,4,4,11,Champions,0,0.0,
CUST0374,121,6,12174.0,2,2,2,6,At-risk,1,1.0,High
CUST0376,175,2,886.4000000000001,1,1,1,3,Lost / inactive,1,1.0,High
CUST0377,13,18,55501.7,4,4,4,12,Champions,0,0.0,
CUST0379,16,22,99002.2,4,4,4,12,Champions,0,0.0,
CUST0382,65,8,17062.1,2,3,3,8,Loyal customers,0,0.0,
CUST0383,90,2,3914.3999999999996,2,1,1,4,Lost / inactive,0,0.03333333333333333,Low
CUST0384,56,17,56356.15,3,4,4,11,Champions,0,0.0,
CUST0385,8,16,45514.450000000004,4,4,4,12,Champions,0,0.0,
CUST0386,60,13,32401.5,3,3,3,9,Loyal customers,0,0.006666666666666667,Low
CUST0387,674,1,1169.1,1,1,1,3,Lost / inactive,1,1.0,High
CUST0388,246,1,2249.1,1,1,1,3,Lost / inactive,1,1.0,High
CUST0389,17,10,28983.05,4,3,3,10,Champions,0,0.0,
CUST0390,69,13,32989.85,2,3,3,8,Loyal customers,0,0.0,
CUST0391,29,36,75202.2,3,4,4,11,Champions,0,0.0,
CUST0392,85,2,7725.6,2,1,2,5,At-risk,0,0.04,Low
CUST0393,482,1,15996.0,1,1,2,4,Lost / inactive,1,1.0,High
CUST0394,20,11,48875.95,4,3,4,11,Champions,0,0.0,
CUST0395,544,1,1197.0,1,1,1,3,Lost / inactive,1,1.0,High
CUST0396,49,19,65783.0,3,4,4,11,Champions,0,0.0,
CUST0397,91,18,46501.05,2,4,4,10,Champions,0,0.04666666666666667,Low
CUST0398,265,2,2601.15,1,1,1,3,Lost / inactive,1,1.0,High
CUST0399,171,14,32408.75,2,3,3,8,Loyal customers,1,0.9866666666666667,High
CUST0400,37,8,16913.75,3,3,3,9,Loyal customers,0,0.0,
CUST0402,20,18,34185.5,4,4,4,12,Champions,0,0.0,
CUST0403,41,5,11904.2,3,2,2,7,Loyal customers,0,0.0,
CUST0404,50,14,50663.45,3,3,4,10,Champions,0,0.0,
CUST0405,273,3,2932.6,1,1,1,3,Lost / inactive,1,1.0,High
CUST0406,43,16,50266.3,3,4,4,11,Champions,0,0.0,
CUST0407,684,1,7998.0,1,1,2,4,Lost / inactive,1,1.0,High
CUST0409,4,22,56819.950000000004,4,4,4,12,Champions,0,0.0,
CUST0412,12,26,36366.0,4,4,4,12,Champions,0,0.0,
CUST0413,40,18,42426.5,3,4,4,11,Champions,0,0.0,
CUST0414,212,5,7697.4,1,2,2,5,At-risk,1,1.0,High
CUST0415,38,11,38315.1,3,3,4,10,Champions,0,0.0,
CUST0416,14,7,9648.85,4,2,2,8,Loyal customers,0,0.0,
CUST0417,143,1,1916.8,2,1,1,4,Lost / inactive,1,1.0,High
CUST0418,58,3,2016.4,3,1,1,5,At-risk,0,0.0,
CUST0419,56,8,14904.15,3,3,2,8,Loyal customers,0,0.0,
CUST0420,21,7,22905.05,4,2,3,9,Loyal customers,0,0.0,
CUST0421,27,11,33919.6,3,3,4,10,Champions,0,0.0,
CUST0422,82,10,30037.550000000003,2,3,3,8,Loyal customers,0,0.02,Low
CUST0424,11,4,8691.8,4,2,2,8,Loyal customers,0,0.0,
CUST0426,161,6,7971.15,2,2,2,6,At-risk,1,0.9933333333333333,High
CUST0427,8,4,6041.1,4,2,2,8,Loyal customers,0,0.0,
CUST0428,1,19,50585.05,4,4,4,12,Champions,0,0.0,
CUST0429,709,3,3193.3999999999996,1,1,1,3,Lost / inactive,1,1.0,High
CUST0432,48,6,11202.7,3,2,2,7,Loyal customers,0,0.0,
CUST0433,72,7,28362.4,2,2,3,7,Loyal customers,0,0.02666666666666667,Low
CUST0436,4,11,24981.5,4,3,3,10,Champions,0,0.0,
CUST0438,38,17,47000.1,3,4,4,11,Champions,0,0.0,
CUST0439,31,12,57197.05,3,3,4,10,Champions,0,0.006666666666666667,Low
CUST0442,25,24,49431.1,4,4,4,12,Champions,0,0.0,
CUST0443,688,1,1136.2,1,1,1,3,Lost / inactive,1,1.0,High
CUST0444,411,1,2097.0,1,1,1,3,Lost / inactive,1,1.0,High
CUST0445,58,13,32910.85,3,3,3,9,Loyal customers,0,0.0,
CUST0446,107,12,40507.0,2,3,4,9,Loyal customers,1,0.9933333333333333,High
CUST0447,1,18,35517.8,4,4,4,12,Champions,0,0.0,
CUST0448,32,15,62255.4,3,4,4,11,Champions,0,0.0,
CUST0449,451,1,3998.4,1,1,1,3,Lost / inactive,1,0.9933333333333333,High
CUST0451,84,16,29332.1,2,4,3,9,Loyal customers,0,0.013333333333333334,Low
CUST0452,135,1,3897.0,2,1,1,4,Lost / inactive,1,0.9933333333333333,High
CUST0453,33,3,6559.200000000001,3,1,2,6,At-risk,0,0.0,
CUST0454,32,20,71013.25,3,4,4,11,Champions,0,0.0,
CUST0456,41,3,7010.5,3,1,2,6,At-risk,0,0.0,
CUST0458,424,1,1497.0,1,1,1,3,Lost / inactive,1,1.0,High
CUST0462,4,8,9119.8,4,3,2,9,Loyal customers,0,0.0,
CUST0463,76,20,43614.65,2,4,4,10,Champions,0,0.006666666666666667,Low
CUST0464,79,6,12063.65,2,2,2,6,At-risk,0,0.013333333333333334,Low
CUST0465,38,21,56001.35,3,4,4,11,Champions,0,0.0,
CUST0466,280,2,3954.6,1,1,1,3,Lost / inactive,1,0.9933333333333333,High
CUST0468,18,11,25304.5,4,3,3,10,Champions,0,0.0,
CUST0469,272,1,2847.15,1,1,1,3,Lost / inactive,1,1.0,High
CUST0470,30,24,40068.05,3,4,4,11,Champions,0,0.0,
CUST0472,104,21,66793.8,2,4,4,10,Champions,1,0.9933333333333333,High
CUST0474,33,20,44432.05,3,4,4,11,Champions,0,0.0,
CUST0475,18,7,15060.849999999999,4,2,2,8,Loyal customers,0,0.0,
CUST0476,1,29,68330.3,4,4,4,12,Champions,0,0.0,
CUST0478,51,2,4873.05,3,1,1,5,At-risk,0,0.0,
CUST0479,4,15,46647.1,4,4,4,12,Champions,0,0.0,
CUST0480,131,4,6162.55,2,2,2,6,At-risk,1,1.0,High
CUST0481,62,11,35674.25,3,3,4,10,Champions,0,0.0,
CUST0482,6,9,10073.6,4,3,2,9,Loyal customers,0,0.0,
CUST0483,330,1,1077.3,1,1,1,3,Lost / inactive,1,1.0,High
CUST0484,66,8,24300.55,2,3,3,8,Loyal customers,0,0.0,
CUST0485,579,4,14236.75,1,2,2,5,At-risk,1,0.9933333333333333,High
CUST0486,26,19,27772.3,3,4,3,10,Champions,0,0.0,
CUST0488,344,1,5937.3,1,1,2,4,Lost / inactive,1,1.0,High
CUST0489,3,18,30596.149999999998,4,4,3,11,Champions,0,0.0,
CUST0490,78,20,79133.4,2,4,4,10,Champions,0,0.013333333333333334,Low
CUST0491,28,2,5922.200000000001,3,1,2,6,At-risk,0,0.0,
CUST0492,271,5,7129.2,1,2,2,5,At-risk,1,1.0,High
CUST0495,266,5,11925.1,1,2,2,5,At-risk,1,1.0,High
CUST0497,222,5,4822.65,1,2,1,4,Lost / inactive,1,0.9933333333333333,High
CUST0499,77,23,71169.15,2,4,4,10,Champions,0,0.02,Low
CUST0500,62,25,69514.95,3,4,4,11,Champions,0,0.0,
CUST0501,121,7,5161.85,2,2,1,5,At-risk,1,0.94,High
CUST0502,15,9,20611.2,4,3,3,10,Champions,0,0.0,
CUST0504,6,16,32548.1,4,4,3,11,Champions,0,0.0,
CUST0505,26,7,21972.3,3,2,3,8,Loyal customers,0,0.0,
CUST0507,22,19,60632.200000000004,4,4,4,12,Champions,0,0.0,
CUST0508,76,22,45973.05,2,4,4,10,Champions,0,0.013333333333333334,Low
CUST0509,5,16,29546.050000000003,4,4,3,11,Champions,0,0.0,
CUST0510,15,12,50475.05,4,3,4,11,Champions,0,0.0,
CUST0511,39,6,30902.7,3,2,3,8,Loyal customers,0,0.0,
CUST0512,359,2,2834.7,1,1,1,3,Lost / inactive,1,1.0,High
CUST0513,46,18,46062.3,3,4,4,11,Champions,0,0.0,
CUST0514,2,16,30143.55,4,4,3,11,Champions,0,0.0,
CUST0517,57,1,1516.2,3,1,1,5,At-risk,0,0.0,
CUST0518,96,9,27527.1,2,3,3,8,Loyal customers,1,0.9866666666666667,High
CUST0519,23,23,38899.75,4,4,4,12,Champions,0,0.0,
CUST0520,133,1,1996.0,2,1,1,4,Lost / inactive,1,1.0,High
CUST0521,2,12,36989.8,4,3,4,11,Champions,0,0.0,
CUST0522,61,4,5992.6,3,2,2,7,Loyal customers,0,0.0,
CUST0523,31,24,54031.6,3,4,4,11,Champions,0,0.0,
CUST0524,177,11,13493.050000000001,1,3,2,6,At-risk,1,1.0,High
CUST0525,35,16,47314.95,3,4,4,11,Champions,0,0.0,
CUST0526,266,2,5784.3,1,1,1,3,Lost / inactive,1,1.0,High
CUST0527,50,2,3020.95,3,1,1,5,At-risk,0,0.0,
CUST0530,7,14,14257.45,4,3,2,9,Loyal customers,0,0.0,
CUST0531,42,16,25239.15,3,4,3,10,Champions,0,0.006666666666666667,Low
CUST0532,68,18,38547.6,2,4,4,10,Champions,0,0.02,Low
CUST0533,62,32,74203.35,3,4,4,11,Champions,0,0.0,
CUST0534,286,5,18712.05,1,2,3,6,At-risk,1,1.0,High
CUST0535,17,9,19244.5,4,3,3,10,Champions,0,0.0,
CUST0536,66,23,55511.05,2,4,4,10,Champions,0,0.02,Low
CUST0537,13,15,43594.05,4,4,4,12,Champions,0,0.0,
CUST0541,20,22,74508.8,4,4,4,12,Champions,0,0.0,
CUST0542,47,7,18022.4,3,2,3,8,Loyal customers,0,0.0,
CUST0543,143,1,1016.6,2,1,1,4,Lost / inactive,1,1.0,High
CUST0544,171,9,25969.5,2,3,3,8,Loyal customers,1,0.9933333333333333,High
CUST0545,97,4,13509.7,2,2,2,6,At-risk,1,0.9933333333333333,High
CUST0548,37,8,36601.3,3,3,4,10,Champions,0,0.006666666666666667,Low
CUST0549,101,8,20512.2,2,3,3,8,Loyal customers,1,1.0,High
CUST0550,28,9,18830.0,3,3,3,9,Loyal customers,0,0.0,
CUST0551,612,2,2306.15,1,1,1,3,Lost / inactive,1,1.0,High
CUST0552,42,18,49544.45,3,4,4,11,Champions,0,0.0,
CUST0553,100,8,16758.8,2,3,3,8,Loyal customers,1,1.0,High
CUST0554,28,6,11231.35,3,2,2,7,Loyal customers,0,0.0,
CUST0555,43,9,28899.9,3,3,3,9,Loyal customers,0,0.0,
CUST0556,62,2,6395.0,3,1,2,6,At-risk,0,0.0,
CUST0557,466,1,10197.45,1,1,2,4,Lost / inactive,1,1.0,High
CUST0559,26,12,47223.0,3,3,4,10,Champions,0,0.0,
CUST0560,52,10,24591.050000000003,3,3,3,9,Loyal customers,0,0.0,
CUST0561,50,6,8488.7,3,2,2,7,Loyal customers,0,0.0,
CUST0562,259,1,3897.0,1,1,1,3,Lost / inactive,1,1.0,High
CUST0565,250,3,7727.25,1,1,2,4,Lost / inactive,1,1.0,High
CUST0566,85,5,4063.75,2,2,1,5,At-risk,0,0.006666666666666667,Low
CUST0567,566,1,1347.0,1,1,1,3,Lost / inactive,1,1.0,High
CUST0568,274,1,13296.2,1,1,2,4,Lost / inactive,1,1.0,High
CUST0569,12,18,32623.25,4,4,3,11,Champions,0,0.0,
CUST0570,66,1,897.0,2,1,1,4,Lost / inactive,0,0.03333333333333333,Low
CUST0571,1,7,15905.35,4,2,2,8,Loyal customers,0,0.0,
CUST0572,21,14,30082.7,4,3,3,10,Champions,0,0.0,
CUST0573,20,2,15993.6,4,1,2,7,Loyal customers,0,0.0,
CUST0574,35,12,33494.2,3,3,3,9,Loyal customers,0,0.006666666666666667,Low
CUST0575,90,11,36096.4,2,3,4,9,Loyal customers,0,0.02,Low
CUST0576,7,30,65536.3,4,4,4,12,Champions,0,0.0,
CUST0578,47,17,41054.1,3,4,4,11,Champions,0,0.0,
CUST0579,78,2,1967.1999999999998,2,1,1,4,Lost / inactive,0,0.0,
CUST0581,173,3,8117.55,2,1,2,5,At-risk,1,1.0,High
CUST0582,9,33,57815.9,4,4,4,12,Champions,0,0.0,
CUST0583,208,3,4097.0,1,1,1,3,Lost / inactive,1,1.0,High
CUST0585,9,8,11914.1,4,3,2,9,Loyal customers,0,0.0,
CUST0586,195,1,1782.45,1,1,1,3,Lost / inactive,1,1.0,High
CUST0590,586,1,699.0,1,1,1,3,Lost / inactive,1,1.0,High
CUST0592,73,7,9275.1,2,2,2,6,At-risk,0,0.013333333333333334,Low
CUST0595,71,23,63532.35,2,4,4,10,Champions,0,0.02,Low
CUST0596,201,6,10748.6,1,2,2,5,At-risk,1,1.0,High
CUST0597,24,6,13937.900000000001,4,2,2,8,Loyal customers,0,0.0,
CUST0602,269,3,4889.15,1,1,1,3,Lost / inactive,1,1.0,High
CUST0603,522,1,2716.6,1,1,1,3,Lost / inactive,1,1.0,High
CUST0606,361,6,10424.65,1,2,2,5,At-risk,1,1.0,High
CUST0607,594,1,3416.2,1,1,1,3,Lost / inactive,1,1.0,High
CUST0608,422,2,4078.3500000000004,1,1,1,3,Lost / inactive,1,1.0,High
CUST0609,288,4,18302.5,1,2,3,6,At-risk,1,1.0,High
CUST0610,30,20,60196.4,3,4,4,11,Champions,0,0.0,
CUST0612,20,14,35188.15,4,3,4,11,Champions,0,0.0,
CUST0613,58,7,12597.45,3,2,2,7,Loyal customers,0,0.0,
CUST0615,14,17,34909.9,4,4,4,12,Champions,0,0.0,
CUST0616,43,23,44217.05,3,4,4,11,Champions,0,0.0,
CUST0618,588,1,672.3,1,1,1,3,Lost / inactive,1,1.0,High
CUST0619,25,16,24732.25,4,4,3,11,Champions,0,0.006666666666666667,Low
CUST0620,11,19,62588.3,4,4,4,12,Champions,0,0.0,
CUST0622,88,1,1347.3,2,1,1,4,Lost / inactive,0,0.02,Low
CUST0623,502,1,398.0,1,1,1,3,Lost / inactive,1,1.0,High
CUST0624,434,2,2785.8,1,1,1,3,Lost / inactive,1,1.0,High
CUST0625,130,4,15319.3,2,2,2,6,At-risk,1,1.0,High
CUST0626,525,2,4306.1,1,1,1,3,Lost / inactive,1,1.0,High
CUST0627,464,2,1395.55,1,1,1,3,Lost / inactive,1,1.0,High
CUST0628,132,9,20295.0,2,3,3,8,Loyal customers,1,1.0,High
CUST0631,38,8,18517.2,3,3,3,9,Loyal customers,0,0.0,
CUST0632,3,17,40780.8,4,4,4,12,Champions,0,0.0,
CUST0633,200,4,3556.1,1,2,1,4,Lost / inactive,1,1.0,High
CUST0634,116,3,2453.6,2,1,1,4,Lost / inactive,1,1.0,High
CUST0636,179,2,6504.3,1,1,2,4,Lost / inactive,1,1.0,High
CUST0637,31,6,17948.2,3,2,3,8,Loyal customers,0,0.0,
CUST0639,610,2,833.1500000000001,1,1,1,3,Lost / inactive,1,1.0,High
CUST0640,128,2,5493.0,2,1,1,4,Lost / inactive,1,1.0,High
CUST0644,486,2,11394.0,1,1,2,4,Lost / inactive,1,1.0,High
CUST0646,34,20,31029.2,3,4,3,10,Champions,0,0.0,
CUST0647,3,8,7579.55,4,3,2,9,Loyal customers,0,0.0,
CUST0648,25,12,47461.5,4,3,4,11,Champions,0,0.0,
CUST0649,1,9,24462.850000000002,4,3,3,10,Champions,0,0.0,
CUST0650,14,9,32538.6,4,3,3,10,Champions,0,0.006666666666666667,Low
CUST0652,4,10,26275.6,4,3,3,10,Champions,0,0.0,
CUST0653,8,6,8911.75,4,2,2,8,Loyal customers,0,0.0,
CUST0654,9,15,44673.55,4,4,4,12,Champions,0,0.0,
CUST0655,190,2,1263.15,1,1,1,3,Lost / inactive,1,1.0,High
CUST0658,70,1,2157.3,2,1,1,4,Lost / inactive,0,0.0,
CUST0659,157,6,17670.199999999997,2,2,3,7,Loyal customers,1,1.0,High
CUST0660,26,5,10742.2,3,2,2,7,Loyal customers,0,0.0,
CUST0661,565,1,599.0,1,1,1,3,Lost / inactive,1,1.0,High
CUST0662,3,20,28117.7,4,4,3,11,Champions,0,0.0,
CUST0663,210,11,27144.6,1,3,3,7,Loyal customers,1,1.0,High
CUST0667,182,1,2396.0,1,1,1,3,Lost / inactive,1,1.0,High
CUST0670,349,1,14396.4,1,1,2,4,Lost / inactive,1,1.0,High
CUST0672,47,18,44821.25,3,4,4,11,Champions,0,0.0,
CUST0674,38,5,16217.3,3,2,2,7,Loyal customers,0,0.0,
CUST0675,255,4,8472.0,1,2,2,5,At-risk,1,1.0,High
CUST0676,1,30,57460.15,4,4,4,12,Champions,0,0.0,
CUST0678,164,1,899.0,2,1,1,4,Lost / inactive,1,1.0,High
CUST0679,1,16,34914.65,4,4,4,12,Champions,0,0.0,
CUST0680,47,18,50910.0,3,4,4,11,Champions,0,0.0,
CUST0681,60,18,29611.0,3,4,3,10,Champions,0,0.0,
CUST0682,523,2,1376.7,1,1,1,3,Lost / inactive,1,1.0,High
CUST0684,14,12,45095.85,4,3,4,11,Champions,0,0.0,
CUST0685,57,18,31546.35,3,4,3,10,Champions,0,0.0,
CUST0686,6,4,8944.8,4,2,2,8,Loyal customers,0,0.0,
CUST0687,194,3,7197.05,1,1,2,4,Lost / inactive,1,1.0,High
CUST0688,288,3,4450.65,1,1,1,3,Lost / inactive,1,1.0,High
CUST0689,82,12,33681.65,2,3,4,9,Loyal customers,0,0.013333333333333334,Low
CUST0691,466,3,6101.15,1,1,2,4,Lost / inactive,1,1.0,High
CUST0692,119,5,22978.35,2,2,3,7,Loyal customers,1,1.0,High
CUST0693,229,3,2992.6,1,1,1,3,Lost / inactive,1,1.0,High
CUST0694,57,1,3499.0,3,1,1,5,At-risk,0,0.0,
CUST0696,142,3,4717.75,2,1,1,4,Lost / inactive,1,1.0,High
CUST0697,260,1,798.0,1,1,1,3,Lost / inactive,1,1.0,High
CUST0698,155,3,5916.75,2,1,2,5,At-risk,1,1.0,High
CUST0700,108,6,13592.55,2,2,2,6,At-risk,1,0.9866666666666667,High
CUST0701,42,10,33021.9,3,3,3,9,Loyal customers,0,0.006666666666666667,Low
CUST0703,30,2,2925.9,3,1,1,5,At-risk,0,0.0,
CUST0706,21,31,89498.4,4,4,4,12,Champions,0,0.0,
CUST0707,356,3,6301.3,1,1,2,4,Lost / inactive,1,1.0,High
CUST0708,61,8,10658.45,3,3,2,8,Loyal customers,0,0.0,
CUST0709,708,1,509.15,1,1,1,3,Lost / inactive,1,1.0,High
CUST0710,50,4,13586.4,3,2,2,7,Loyal customers,0,0.0,
CUST0711,2,15,53332.1,4,4,4,12,Champions,0,0.0,
CUST0712,75,9,14202.5,2,3,2,7,Loyal customers,0,0.013333333333333334,Low
CUST0713,104,3,11502.1,2,1,2,5,At-risk,1,0.9866666666666667,High
CUST0714,298,1,1979.1,1,1,1,3,Lost / inactive,1,1.0,High
CUST0715,460,1,2396.0,1,1,1,3,Lost / inactive,1,1.0,High
CUST0716,88,12,37229.8,2,3,4,9,Loyal customers,0,0.013333333333333334,Low
CUST0717,28,14,33103.9,3,3,3,9,Loyal customers,0,0.0,
CUST0718,3,25,57953.3,4,4,4,12,Champions,0,0.0,
CUST0719,222,1,2399.2,1,1,1,3,Lost / inactive,1,1.0,High
CUST0720,211,8,16196.25,1,3,2,6,At-risk,1,1.0,High
CUST0721,41,17,28788.3,3,4,3,10,Champions,0,0.0,
CUST0724,91,13,47618.3,2,3,4,9,Loyal customers,0,0.04666666666666667,Low
CUST0725,97,11,29188.25,2,3,3,8,Loyal customers,1,0.9933333333333333,High
CUST0726,16,17,24899.4,4,4,3,11,Champions,0,0.006666666666666667,Low
CUST0728,49,5,7856.15,3,2,2,7,Loyal customers,0,0.0,
CUST0732,325,7,10550.25,1,2,2,5,At-risk,1,1.0,High
CUST0733,126,8,13968.45,2,3,2,7,Loyal customers,1,0.9933333333333333,High
CUST0734,355,5,4142.6,1,2,1,4,Lost / inactive,1,0.9933333333333333,High
CUST0735,580,1,1916.8,1,1,1,3,Lost / inactive,1,1.0,High
CUST0736,39,22,58152.95,3,4,4,11,Champions,0,0.0,
CUST0737,255,2,1803.8000000000002,1,1,1,3,Lost / inactive,1,1.0,High
CUST0738,11,21,75822.65,4,4,4,12,Champions,0,0.0,
CUST0739,281,7,19975.5,1,2,3,6,At-risk,1,1.0,High
CUST0740,332,1,3236.4,1,1,1,3,Lost / inactive,1,1.0,High
CUST0741,37,4,7488.3,3,2,2,7,Loyal customers,0,0.0,
CUST0742,80,2,3324.6000000000004,2,1,1,4,Lost / inactive,0,0.006666666666666667,Low
CUST0743,17,11,23550.2,4,3,3,10,Champions,0,0.0,
CUST0744,27,6,11096.0,3,2,2,7,Loyal customers,0,0.0,
CUST0745,84,2,2595.0,2,1,1,4,Lost / inactive,0,0.006666666666666667,Low
CUST0746,2,18,37080.15,4,4,4,12,Champions,0,0.0,
CUST0747,566,2,3261.75,1,1,1,3,Lost / inactive,1,1.0,High
CUST0748,76,1,1979.1,2,1,1,4,Lost / inactive,0,0.006666666666666667,Low
CUST0749,44,15,37381.8,3,4,4,11,Champions,0,0.0,
CUST0750,7,8,15725.6,4,3,2,9,Loyal customers,0,0.0,
CUST0752,18,21,44652.5,4,4,4,12,Champions,0,0.006666666666666667,Low
CUST0753,86,7,19977.45,2,2,3,7,Loyal customers,0,0.006666666666666667,Low
CUST0756,74,16,42671.1,2,4,4,10,Champions,0,0.013333333333333334,Low
CUST0757,187,4,14491.0,1,2,2,5,At-risk,1,1.0,High
CUST0758,71,8,17454.7,2,3,3,8,Loyal customers,0,0.006666666666666667,Low
CUST0759,11,11,41459.2,4,3,4,11,Champions,0,0.0,
CUST0760,61,16,45779.7,3,4,4,11,Champions,0,0.0,
CUST0761,115,1,7996.8,2,1,2,5,At-risk,1,1.0,High
CUST0762,12,1,8997.0,4,1,2,7,Loyal customers,0,0.006666666666666667,Low
CUST0764,94,10,17237.15,2,3,3,8,Loyal customers,1,0.9933333333333333,High
CUST0766,16,9,22154.65,4,3,3,10,Champions,0,0.0,
CUST0767,73,17,47997.5,2,4,4,10,Champions,0,0.0,
CUST0768,11,25,61758.6,4,4,4,12,Champions,0,0.0,
CUST0769,577,2,14895.0,1,1,2,4,Lost / inactive,1,1.0,High
CUST0770,4,16,53503.75,4,4,4,12,Champions,0,0.0,
CUST0772,4,12,19650.0,4,3,3,10,Champions,0,0.0,
CUST0774,5,5,16080.65,4,2,2,8,Loyal customers,0,0.0,
CUST0775,61,14,29586.05,3,3,3,9,Loyal customers,0,0.0,
CUST0777,184,2,3993.0,1,1,1,3,Lost / inactive,1,0.9933333333333333,High
CUST0778,79,9,33824.6,2,3,4,9,Loyal customers,0,0.013333333333333334,Low
CUST0779,49,15,37106.65,3,4,4,11,Champions,0,0.0,
CUST0780,26,13,17786.55,3,3,3,9,Loyal customers,0,0.0,
CUST0781,70,10,15917.7,2,3,2,7,Loyal customers,0,0.006666666666666667,Low
CUST0782,127,3,4550.599999999999,2,1,1,4,Lost / inactive,1,1.0,High
CUST0783,596,1,756.2,1,1,1,3,Lost / inactive,1,1.0,High
CUST0784,15,3,8181.3,4,1,2,7,Loyal customers,0,0.0,
CUST0786,10,13,31355.1,4,3,3,10,Champions,0,0.0,
CUST0787,32,7,20733.2,3,2,3,8,Loyal customers,0,0.0,
CUST0788,25,3,10031.7,4,1,2,7,Loyal customers,0,0.0,
CUST0789,20,2,1093.4499999999998,4,1,1,6,At-risk,0,0.0,
CUST0790,16,28,49521.4,4,4,4,12,Champions,0,0.0,
CUST0792,10,8,29756.2,4,3,3,10,Champions,0,0.0,
CUST0793,194,4,8020.8,1,2,2,5,At-risk,1,1.0,High
CUST0794,329,7,22585.15,1,2,3,6,At-risk,1,1.0,High
CUST0796,65,8,16984.0,2,3,3,8,Loyal customers,0,0.0,
CUST0797,17,19,56401.0,4,4,4,12,Champions,0,0.0,
CUST0798,44,4,4186.55,3,2,1,6,At-risk,0,0.006666666666666667,Low
CUST0799,126,4,9596.25,2,2,2,6,At-risk,1,1.0,High
CUST0800,18,19,36434.05,4,4,4,12,Champions,0,0.0,
CUST0801,32,6,9689.95,3,2,2,7,Loyal customers,0,0.0,
CUST0803,119,9,20203.4,2,3,3,8,Loyal customers,1,1.0,High
CUST0804,130,4,2837.75,2,2,1,5,At-risk,1,1.0,High
CUST0805,322,2,9194.0,1,1,2,4,Lost / inactive,1,1.0,High
CUST0806,95,12,31187.45,2,3,3,8,Loyal customers,1,1.0,High
CUST0807,3,25,52670.15,4,4,4,12,Champions,0,0.0,
CUST0808,49,16,40738.95,3,4,4,11,Champions,0,0.0,
CUST0809,362,1,1516.2,1,1,1,3,Lost / inactive,1,1.0,High
CUST0811,3,26,94974.35,4,4,4,12,Champions,0,0.0,
CUST0812,41,10,9649.4,3,3,2,8,Loyal customers,0,0.0,
CUST0814,58,23,42293.1,3,4,4,11,Champions,0,0.0,
CUST0815,85,15,24748.0,2,4,3,9,Loyal customers,0,0.02,Low
CUST0816,91,3,12901.1,2,1,2,5,At-risk,0,0.1,Low
CUST0817,24,14,36312.3,4,3,4,11,Champions,0,0.0,
CUST0818,29,3,3378.8,3,1,1,5,At-risk,0,0.0,
CUST0820,162,2,10260.35,2,1,2,5,At-risk,1,1.0,High
CUST0821,2,11,26442.2,4,3,3,10,Champions,0,0.0,
CUST0823,86,4,5669.2,2,2,1,5,At-risk,0,0.05333333333333334,Low
CUST0824,73,6,9878.25,2,2,2,6,At-risk,0,0.0,
CUST0825,3,5,12431.95,4,2,2,8,Loyal customers,0,0.0,
CUST0826,4,16,50418.0,4,4,4,12,Champions,0,0.0,
CUST0827,203,1,764.15,1,1,1,3,Lost / inactive,1,1.0,High
CUST0828,238,1,318.4,1,1,1,3,Lost / inactive,1,1.0,High
CUST0829,35,8,21270.3,3,3,3,9,Loyal customers,0,0.0,
CUST0830,78,5,8226.6,2,2,2,6,At-risk,0,0.02666666666666667,Low
CUST0832,686,1,2124.15,1,1,1,3,Lost / inactive,1,1.0,High
CUST0835,152,1,2199.0,2,1,1,4,Lost / inactive,1,0.9933333333333333,High
CUST0836,52,3,3597.15,3,1,1,5,At-risk,0,0.0,
CUST0837,11,18,33119.55,4,4,3,11,Champions,0,0.0,
CUST0838,168,4,7942.000000000001,2,2,2,6,At-risk,1,1.0,High
CUST0839,400,9,24148.5,1,3,3,7,Loyal customers,1,1.0,High
CUST0840,61,11,27448.25,3,3,3,9,Loyal customers,0,0.0,
CUST0842,53,4,22190.05,3,2,3,8,Loyal customers,0,0.0,
CUST0844,48,29,53909.95,3,4,4,11,Champions,0,0.0,
CUST0846,31,1,568.1,3,1,1,5,At-risk,0,0.013333333333333334,Low
CUST0848,20,21,50681.65,4,4,4,12,Champions,0,0.0,
CUST0849,220,2,8137.200000000001,1,1,2,4,Lost / inactive,1,1.0,High
CUST0850,27,3,3559.3,3,1,1,5,At-risk,0,0.0,
CUST0852,105,11,17367.2,2,3,3,8,Loyal customers,1,1.0,High
CUST0854,21,16,33298.0,4,4,3,11,Champions,0,0.0,
CUST0855,5,2,11321.650000000001,4,1,2,7,Loyal customers,0,0.0,
CUST0858,65,5,18124.05,2,2,3,7,Loyal customers,0,0.013333333333333334,Low
CUST0859,118,9,21835.899999999998,2,3,3,8,Loyal customers,1,1.0,High
CUST0861,120,13,56234.5,2,3,4,9,Loyal customers,1,0.9666666666666667,High
CUST0862,110,2,9215.4,2,1,2,5,At-risk,1,1.0,High
CUST0863,309,2,8184.9,1,1,2,4,Lost / inactive,1,1.0,High
CUST0864,664,1,10196.6,1,1,2,4,Lost / inactive,1,1.0,High
CUST0865,630,2,1447.1,1,1,1,3,Lost / inactive,1,1.0,High
CUST0866,324,2,1473.05,1,1,1,3,Lost / inactive,1,1.0,High
CUST0869,83,16,27394.399999999998,2,4,3,9,Loyal customers,0,0.02666666666666667,Low
CUST0870,10,27,37632.15,4,4,4,12,Champions,0,0.0,
CUST0871,22,1,2697.0,4,1,1,6,At-risk,0,0.0,
CUST0872,390,2,6396.4,1,1,2,4,Lost / inactive,1,1.0,High
CUST0873,25,7,12547.9,4,2,2,8,Loyal customers,0,0.0,
CUST0877,21,7,10149.0,4,2,2,8,Loyal customers,0,0.0,
CUST0878,84,7,13195.45,2,2,2,6,At-risk,0,0.006666666666666667,Low
CUST0880,463,1,719.1,1,1,1,3,Lost / inactive,1,1.0,High
CUST0881,412,1,1896.2,1,1,1,3,Lost / inactive,1,1.0,High
CUST0882,360,4,12669.1,1,2,2,5,At-risk,1,1.0,High
CUST0885,47,26,65196.05,3,4,4,11,Champions,0,0.0,
CUST0887,48,12,42465.200000000004,3,3,4,10,Champions,0,0.0,
CUST0888,20,1,3897.0,4,1,1,6,At-risk,0,0.0,
CUST0891,242,10,20308.5,1,3,3,7,Loyal customers,1,1.0,High
CUST0892,1,19,48892.65,4,4,4,12,Champions,0,0.0,
CUST0893,45,13,20464.45,3,3,3,9,Loyal customers,0,0.0,
CUST0894,126,4,5857.3,2,2,2,6,At-risk,1,1.0,High
CUST0895,27,10,23459.75,3,3,3,9,Loyal customers,0,0.0,
CUST0898,36,19,41166.9,3,4,4,11,Champions,0,0.0,
CUST0904,159,3,2856.4500000000003,2,1,1,4,Lost / inactive,1,1.0,High
CUST0905,40,4,15268.4,3,2,2,7,Loyal customers,0,0.0,
CUST0906,7,19,34024.7,4,4,4,12,Champions,0,0.0,
CUST0907,16,14,36027.1,4,3,4,11,Champions,0,0.0,
CUST0908,601,1,664.05,1,1,1,3,Lost / inactive,1,1.0,High
CUST0910,409,4,7671.6,1,2,2,5,At-risk,1,1.0,High
CUST0911,20,7,9241.7,4,2,2,8,Loyal customers,0,0.0,
CUST0912,28,2,5287.5,3,1,1,5,At-risk,0,0.0,
CUST0913,73,4,7266.65,2,2,2,6,At-risk,0,0.02,Low
CUST0914,616,1,5196.0,1,1,1,3,Lost / inactive,1,0.9933333333333333,High
CUST0915,105,4,3235.4,2,2,1,5,At-risk,1,0.9933333333333333,High
CUST0916,285,1,2156.4,1,1,1,3,Lost / inactive,1,1.0,High
CUST0917,649,1,537.3,1,1,1,3,Lost / inactive,1,1.0,High
CUST0918,2,18,50832.4,4,4,4,12,Champions,0,0.0,
CUST0919,89,18,40170.8,2,4,4,10,Champions,0,0.006666666666666667,Low
CUST0921,21,19,62443.85,4,4,4,12,Champions,0,0.0,
CUST0922,181,2,673.05,1,1,1,3,Lost / inactive,1,1.0,High
CUST0923,148,16,34730.7,2,4,4,10,Champions,1,0.9333333333333333,High
CUST0924,20,15,30054.649999999998,4,4,3,11,Champions,0,0.0,
CUST0925,330,2,2996.0,1,1,1,3,Lost / inactive,1,1.0,High
CUST0927,36,1,3507.3,3,1,1,5,At-risk,0,0.0,
CUST0928,18,5,6578.35,4,2,2,8,Loyal customers,0,0.0,
CUST0929,57,3,3807.05,3,1,1,5,At-risk,0,0.0,
CUST0930,573,2,1903.3500000000001,1,1,1,3,Lost / inactive,1,1.0,High
CUST0932,49,23,52921.85,3,4,4,11,Champions,0,0.0,
CUST0933,20,24,66618.6,4,4,4,12,Champions,0,0.0,
CUST0934,99,9,12448.35,2,3,2,7,Loyal customers,1,0.9933333333333333,High
CUST0938,16,15,22585.7,4,4,3,11,Champions,0,0.0,
CUST0940,4,10,27585.75,4,3,3,10,Champions,0,0.0,
CUST0941,505,1,1047.0,1,1,1,3,Lost / inactive,1,1.0,High
CUST0942,168,6,12027.6,2,2,2,6,At-risk,1,1.0,High
CUST0943,60,9,9218.8,3,3,2,8,Loyal customers,0,0.0,
CUST0944,6,12,40523.95,4,3,4,11,Champions,0,0.0,
CUST0945,93,2,4197.0,2,1,1,4,Lost / inactive,1,0.96,High
CUST0948,62,18,36744.15,3,4,4,11,Champions,0,0.0,
CUST0949,60,18,47043.1,3,4,4,11,Champions,0,0.0,
CUST0950,27,5,6233.9,3,2,2,7,Loyal customers,0,0.0,
CUST0951,67,4,7190.4,2,2,2,6,At-risk,0,0.013333333333333334,Low
CUST0952,61,7,17389.25,3,2,3,8,Loyal customers,0,0.0,
CUST0954,88,14,19472.55,2,3,3,8,Loyal customers,0,0.02666666666666667,Low
CUST0955,221,2,6333.400000000001,1,1,2,4,Lost / inactive,1,1.0,High
CUST0956,199,1,7996.8,1,1,2,4,Lost / inactive,1,1.0,High
CUST0957,70,3,16661.1,2,1,2,5,At-risk,0,0.006666666666666667,Low
CUST0960,67,7,23422.25,2,2,3,7,Loyal customers,0,0.013333333333333334,Low
CUST0962,82,10,15914.75,2,3,2,7,Loyal customers,0,0.006666666666666667,Low
CUST0963,443,2,2496.0,1,1,1,3,Lost / inactive,1,1.0,High
CUST0964,52,1,1197.6,3,1,1,5,At-risk,0,0.0,
CUST0966,261,3,2600.55,1,1,1,3,Lost / inactive,1,1.0,High
CUST0967,29,14,29418.45,3,3,3,9,Loyal customers,0,0.0,
CUST0969,268,8,19048.25,1,3,3,7,Loyal customers,1,1.0,High
CUST0970,72,2,1393.15,2,1,1,4,Lost / inactive,0,0.0,
CUST0971,31,9,12720.3,3,3,2,8,Loyal customers,0,0.0,
CUST0972,59,19,46839.85,3,4,4,11,Champions,0,0.0,
CUST0973,57,8,19899.25,3,3,3,9,Loyal customers,0,0.0,
CUST0976,717,1,8356.2,1,1,2,4,Lost / inactive,1,1.0,High
CUST0977,272,4,10624.8,1,2,2,5,At-risk,1,1.0,High
CUST0979,86,5,6519.2,2,2,2,6,At-risk,0,0.02,Low
CUST0980,178,6,11385.4,1,2,2,5,At-risk,1,1.0,High
CUST0982,177,9,12735.75,1,3,2,6,At-risk,1,1.0,High
CUST0985,25,8,33559.1,4,3,3,10,Champions,0,0.006666666666666667,Low
CUST0986,2,2,1820.1,4,1,1,6,At-risk,0,0.0,
CUST0987,50,14,30003.15,3,3,3,9,Loyal customers,0,0.0,
CUST0988,279,2,1118.1,1,1,1,3,Lost / inactive,1,1.0,High
CUST0990,29,14,48390.3,3,3,4,10,Champions,0,0.0,
CUST0991,6,11,13854.4,4,3,2,9,Loyal customers,0,0.0,
CUST0992,134,7,23613.5,2,2,3,7,Loyal customers,1,0.9933333333333333,High
CUST0994,444,5,11740.5,1,2,2,5,At-risk,1,1.0,High
CUST0995,711,1,798.4,1,1,1,3,Lost / inactive,1,1.0,High
CUST0997,5,13,44973.9,4,3,4,11,Champions,0,0.0,
CUST0999,42,23,47880.3,3,4,4,11,Champions,0,0.0,
CUST1000,293,2,2643.8,1,1,1,3,Lost / inactive,1,1.0,High
CUST1002,143,6,7546.8,2,2,2,6,At-risk,1,0.9866666666666667,High
CUST1003,3,21,64774.1,4,4,4,12,Champions,0,0.0,
CUST1004,94,9,30466.95,2,3,3,8,Loyal customers,1,0.98,High
CUST1005,6,16,42341.6,4,4,4,12,Champions,0,0.0,
CUST1006,90,12,18201.5,2,3,3,8,Loyal customers,0,0.06666666666666667,Low
CUST1007,132,7,13264.1,2,2,2,6,At-risk,1,1.0,High
CUST1008,11,16,30718.0,4,4,3,11,Champions,0,0.0,
CUST1009,276,2,11071.45,1,1,2,4,Lost / inactive,1,1.0,High
CUST1012,25,20,40678.9,4,4,4,12,Champions,0,0.0,
CUST1013,76,16,29798.05,2,4,3,9,Loyal customers,0,0.013333333333333334,Low
CUST1015,215,11,23071.4,1,3,3,7,Loyal customers,1,1.0,High
CUST1016,18,16,34706.05,4,4,4,12,Champions,0,0.0,
CUST1017,604,1,404.1,1,1,1,3,Lost / inactive,1,1.0,High
CUST1018,42,7,9732.95,3,2,2,7,Loyal customers,0,0.0,
CUST1019,24,17,45748.5,4,4,4,12,Champions,0,0.0,
CUST1021,10,15,36076.65,4,4,4,12,Champions,0,0.0,
CUST1022,53,1,799.0,3,1,1,5,At-risk,0,0.006666666666666667,Low
CUST1023,53,21,81067.6,3,4,4,11,Champions,0,0.006666666666666667,Low
CUST1024,61,16,45193.35,3,4,4,11,Champions,0,0.0,
CUST1025,5,21,53525.9,4,4,4,12,Champions,0,0.0,
CUST1026,264,4,4273.2,1,2,1,4,Lost / inactive,1,1.0,High
CUST1027,46,14,39962.450000000004,3,3,4,10,Champions,0,0.0,
CUST1028,19,21,51265.55,4,4,4,12,Champions,0,0.0,
CUST1029,113,3,3714.2,2,1,1,4,Lost / inactive,1,1.0,High
CUST1030,31,17,30071.05,3,4,3,10,Champions,0,0.0,
CUST1032,23,10,13727.2,4,3,2,9,Loyal customers,0,0.0,
CUST1036,66,4,11866.15,2,2,2,6,At-risk,0,0.04666666666666667,Low
CUST1037,448,2,1397.0,1,1,1,3,Lost / inactive,1,1.0,High
CUST1038,28,15,37543.55,3,4,4,11,Champions,0,0.0,
CUST1041,20,12,19607.4,4,3,3,10,Champions,0,0.0,
CUST1042,25,15,19856.8,4,4,3,11,Champions,0,0.0,
CUST1043,351,3,4411.8,1,1,1,3,Lost / inactive,1,1.0,High
CUST1044,122,8,15417.45,2,3,2,7,Loyal customers,1,1.0,High
CUST1045,49,13,28468.05,3,3,3,9,Loyal customers,0,0.0,
CUST1046,162,5,7731.35,2,2,2,6,At-risk,1,1.0,High
CUST1047,651,1,319.2,1,1,1,3,Lost / inactive,1,1.0,High
CUST1049,103,10,26072.35,2,3,3,8,Loyal customers,1,0.9933333333333333,High
CUST1051,53,8,14607.2,3,3,2,8,Loyal customers,0,0.0,
CUST1052,75,3,3453.4,2,1,1,4,Lost / inactive,0,0.013333333333333334,Low
CUST1053,87,20,53233.05,2,4,4,10,Champions,0,0.02,Low
CUST1054,26,15,41083.9,3,4,4,11,Champions,0,0.0,
CUST1055,35,21,68355.85,3,4,4,11,Champions,0,0.006666666666666667,Low
CUST1056,415,1,1188.3,1,1,1,3,Lost / inactive,1,1.0,High
CUST1057,5,16,41919.9,4,4,4,12,Champions,0,0.0,
CUST1058,271,2,3553.0,1,1,1,3,Lost / inactive,1,1.0,High
CUST1059,206,5,11339.65,1,2,2,5,At-risk,1,1.0,High
CUST1060,17,10,38187.6,4,3,4,11,Champions,0,0.0,
CUST1061,1,19,36687.35,4,4,4,12,Champions,0,0.0,
CUST1062,19,22,59864.5,4,4,4,12,Champions,0,0.0,
CUST1063,37,10,30741.25,3,3,3,9,Loyal customers,0,0.006666666666666667,Low
CUST1064,190,2,2570.1,1,1,1,3,Lost / inactive,1,1.0,High
CUST1065,439,1,594.15,1,1,1,3,Lost / inactive,1,1.0,High
CUST1066,5,7,26494.4,4,2,3,9,Loyal customers,0,0.0,
CUST1069,119,1,889.95,2,1,1,4,Lost / inactive,1,1.0,High
CUST1070,196,2,3914.2,1,1,1,3,Lost / inactive,1,0.9866666666666667,High
CUST1075,32,24,44007.95,3,4,4,11,Champions,0,0.0,
CUST1076,161,3,3763.7,2,1,1,4,Lost / inactive,1,1.0,High
CUST1077,225,2,5992.0,1,1,2,4,Lost / inactive,1,1.0,High
CUST1078,30,10,16381.25,3,3,2,8,Loyal customers,0,0.0,
CUST1080,5,21,51028.05,4,4,4,12,Champions,0,0.0,
CUST1081,42,16,54247.35,3,4,4,11,Champions,0,0.0,
CUST1083,484,1,2374.05,1,1,1,3,Lost / inactive,1,1.0,High
CUST1084,30,22,52126.05,3,4,4,11,Champions,0,0.0,
CUST1085,31,10,26872.55,3,3,3,9,Loyal customers,0,0.0,
CUST1086,104,6,16125.9,2,2,2,6,At-risk,1,1.0,High
CUST1087,69,3,1807.4,2,1,1,4,Lost / inactive,0,0.006666666666666667,Low
CUST1089,21,25,48298.6,4,4,4,12,Champions,0,0.0,
CUST1090,266,1,1528.3,1,1,1,3,Lost / inactive,1,1.0,High
CUST1091,28,21,49132.8,3,4,4,11,Champions,0,0.0,
CUST1092,64,13,38732.9,3,3,4,10,Champions,0,0.0,
CUST1093,7,9,17680.8,4,3,3,10,Champions,0,0.0,
CUST1094,303,3,6627.6,1,1,2,4,Lost / inactive,1,1.0,High
CUST1096,558,1,1017.45,1,1,1,3,Lost / inactive,1,1.0,High
CUST1099,54,17,32546.550000000003,3,4,3,10,Champions,0,0.0,
CUST1100,102,3,7704.1,2,1,2,5,At-risk,1,1.0,High
CUST1102,59,18,47793.7,3,4,4,11,Champions,0,0.0,
CUST1103,62,12,18626.15,3,3,3,9,Loyal customers,0,0.0,
CUST1104,102,16,50059.899999999994,2,4,4,10,Champions,1,0.98,High
CUST1105,28,20,52736.0,3,4,4,11,Champions,0,0.0,
CUST1106,260,1,11997.0,1,1,2,4,Lost / inactive,1,1.0,High
CUST1107,50,6,12731.1,3,2,2,7,Loyal customers,0,0.0,
CUST1108,32,12,27243.2,3,3,3,9,Loyal customers,0,0.0,
CUST1109,34,9,37921.35,3,3,4,10,Champions,0,0.006666666666666667,Low
CUST1111,2,15,38771.35,4,4,4,12,Champions,0,0.0,
CUST1113,480,1,1078.2,1,1,1,3,Lost / inactive,1,1.0,High
CUST1114,85,6,8292.85,2,2,2,6,At-risk,0,0.006666666666666667,Low
CUST1115,32,5,7681.15,3,2,2,7,Loyal customers,0,0.0,
CUST1116,126,3,2317.95,2,1,1,4,Lost / inactive,1,1.0,High
CUST1118,2,14,24210.85,4,3,3,10,Champions,0,0.0,
CUST1119,47,3,9220.35,3,1,2,6,At-risk,0,0.0,
CUST1121,30,14,31285.9,3,3,3,9,Loyal customers,0,0.0,
CUST1122,15,23,57976.7,4,4,4,12,Champions,0,0.0,
CUST1123,141,10,17906.9,2,3,3,8,Loyal customers,1,1.0,High
CUST1124,22,19,37518.5,4,4,4,12,Champions,0,0.0,
CUST1125,84,7,17395.65,2,2,3,7,Loyal customers,0,0.006666666666666667,Low
CUST1126,156,2,3772.6,2,1,1,4,Lost / inactive,1,1.0,High
CUST1128,46,2,1147.1,3,1,1,5,At-risk,0,0.0,
CUST1129,260,2,4124.1,1,1,1,3,Lost / inactive,1,1.0,High
CUST1130,621,1,678.3,1,1,1,3,Lost / inactive,1,1.0,High
CUST1131,21,4,2984.7,4,2,1,7,Loyal customers,0,0.013333333333333334,Low
CUST1132,410,2,9684.9,1,1,2,4,Lost / inactive,1,1.0,High
CUST1134,249,1,9996.0,1,1,2,4,Lost / inactive,1,1.0,High
CUST1135,170,4,10630.05,2,2,2,6,At-risk,1,1.0,High
CUST1137,1,15,23468.35,4,4,3,11,Champions,0,0.0,
CUST1138,32,6,16357.8,3,2,2,7,Loyal customers,0,0.0,
CUST1139,503,3,12000.5,1,1,2,4,Lost / inactive,1,1.0,High
CUST1140,206,6,7958.099999999999,1,2,2,5,At-risk,1,0.9933333333333333,High
CUST1141,5,15,28437.65,4,4,3,11,Champions,0,0.0,
CUST1142,437,1,678.3,1,1,1,3,Lost / inactive,1,1.0,High
CUST1143,27,10,29259.4,3,3,3,9,Loyal customers,0,0.006666666666666667,Low
CUST1144,175,3,2892.0,1,1,1,3,Lost / inactive,1,1.0,High
CUST1146,87,15,41306.25,2,4,4,10,Champions,0,0.006666666666666667,Low
CUST1147,59,13,43848.95,3,3,4,10,Champions,0,0.0,
CUST1148,6,14,63576.6,4,3,4,11,Champions,0,0.0,
CUST1149,5,13,56258.75,4,3,4,11,Champions,0,0.006666666666666667,Low
CUST1150,25,15,31586.3,4,4,3,11,Champions,0,0.0,
CUST1151,3,12,17978.7,4,3,3,10,Champions,0,0.0,
CUST1152,4,19,34038.85,4,4,4,12,Champions,0,0.0,
CUST1153,166,6,23866.0,2,2,3,7,Loyal customers,1,1.0,High
CUST1154,8,9,44849.45,4,3,4,11,Champions,0,0.006666666666666667,Low
CUST1155,20,8,23548.2,4,3,3,10,Champions,0,0.0,
CUST1156,101,12,20078.35,2,3,3,8,Loyal customers,1,1.0,High
CUST1157,258,1,1138.1,1,1,1,3,Lost / inactive,1,1.0,High
CUST1158,17,15,24460.7,4,4,3,11,Champions,0,0.0,
CUST1159,64,17,44836.65,3,4,4,11,Champions,0,0.0,
CUST1161,41,10,24085.600000000002,3,3,3,9,Loyal customers,0,0.0,
CUST1164,31,14,24145.2,3,3,3,9,Loyal customers,0,0.0,
CUST1166,12,12,22490.4,4,3,3,10,Champions,0,0.0,
CUST1167,41,12,27358.3,3,3,3,9,Loyal customers,0,0.0,
CUST1168,64,7,13354.1,3,2,2,7,Loyal customers,0,0.0,
CUST1170,606,1,2097.0,1,1,1,3,Lost / inactive,1,1.0,High
CUST1171,75,5,4057.95,2,2,1,5,At-risk,0,0.006666666666666667,Low
CUST1172,16,21,46690.75,4,4,4,12,Champions,0,0.006666666666666667,Low
CUST1173,18,2,7345.35,4,1,2,7,Loyal customers,0,0.0,
CUST1175,127,5,10214.4,2,2,2,6,At-risk,1,1.0,High
CUST1176,72,6,19004.3,2,2,3,7,Loyal customers,0,0.006666666666666667,Low
CUST1177,8,14,30209.3,4,3,3,10,Champions,0,0.0,
CUST1179,130,11,13357.45,2,3,2,7,Loyal customers,1,1.0,High
CUST1180,99,8,17262.05,2,3,3,8,Loyal customers,1,1.0,High
CUST1181,43,18,28790.85,3,4,3,10,Champions,0,0.0,
CUST1182,55,2,4552.4,3,1,1,5,At-risk,0,0.0,
CUST1183,19,6,7273.05,4,2,2,8,Loyal customers,0,0.0,
CUST1184,18,15,32338.25,4,4,3,11,Champions,0,0.0,
CUST1186,33,18,38784.5,3,4,4,11,Champions,0,0.0,
CUST1187,16,4,2930.8,4,2,1,7,Loyal customers,0,0.013333333333333334,Low
CUST1189,175,1,3324.05,1,1,1,3,Lost / inactive,1,1.0,High
CUST1190,55,8,25580.95,3,3,3,9,Loyal customers,0,0.0,
CUST1192,55,9,12623.4,3,3,2,8,Loyal customers,0,0.0,
CUST1194,250,5,10443.1,1,2,2,5,At-risk,1,1.0,High
CUST1196,13,18,37041.6,4,4,4,12,Champions,0,0.0,
CUST1197,16,17,24451.8,4,4,3,11,Champions,0,0.0,
CUST1198,37,21,49509.299999999996,3,4,4,11,Champions,0,0.0,
CUST1199,31,8,14062.3,3,3,2,8,Loyal customers,0,0.0,
CUST1201,21,12,24922.5,4,3,3,10,Champions,0,0.0,
CUST1205,10,4,4824.15,4,2,1,7,Loyal customers,0,0.0,
CUST1206,19,22,49687.9,4,4,4,12,Champions,0,0.0,
CUST1207,70,13,32055.6,2,3,3,8,Loyal customers,0,0.0,
CUST1208,15,1,2396.0,4,1,1,6,At-risk,0,0.0,
CUST1209,29,2,5980.25,3,1,2,6,At-risk,0,0.0,
CUST1210,15,28,88171.2,4,4,4,12,Champions,0,0.0,
CUST1211,369,2,6993.0,1,1,2,4,Lost / inactive,1,1.0,High
CUST1212,145,3,6255.549999999999,2,1,2,5,At-risk,1,1.0,High
CUST1214,31,11,24050.7,3,3,3,9,Loyal customers,0,0.0,
CUST1215,78,7,6669.55,2,2,2,6,At-risk,0,0.006666666666666667,Low
CUST1216,476,2,16893.0,1,1,3,5,At-risk,1,1.0,High
CUST1218,232,10,21239.1,1,3,3,7,Loyal customers,1,1.0,High
CUST1219,28,10,13335.199999999999,3,3,2,8,Loyal customers,0,0.0,
CUST1220,432,1,331.55,1,1,1,3,Lost / inactive,1,1.0,High
CUST1221,36,15,44891.45,3,4,4,11,Champions,0,0.0,
CUST1222,392,1,1696.6,1,1,1,3,Lost / inactive,1,1.0,High
CUST1223,310,3,6600.7,1,1,2,4,Lost / inactive,1,1.0,High
CUST1224,97,14,26818.95,2,3,3,8,Loyal customers,1,0.9466666666666667,High
CUST1226,19,10,34713.950000000004,4,3,4,11,Champions,0,0.0,
CUST1227,31,4,6297.15,3,2,2,7,Loyal customers,0,0.0,
CUST1229,14,22,68654.0,4,4,4,12,Champions,0,0.0,
CUST1230,172,2,2124.2,2,1,1,4,Lost / inactive,1,1.0,High
CUST1231,2,25,76104.25,4,4,4,12,Champions,0,0.0,
CUST1235,57,9,23957.6,3,3,3,9,Loyal customers,0,0.0,
CUST1236,588,2,3745.05,1,1,1,3,Lost / inactive,1,1.0,High
CUST1237,25,17,58340.799999999996,4,4,4,12,Champions,0,0.0,
CUST1238,436,2,12594.0,1,1,2,4,Lost / inactive,1,1.0,High
CUST1239,44,24,58119.85,3,4,4,11,Champions,0,0.0,
CUST1241,48,23,61179.65,3,4,4,11,Champions,0,0.0,
CUST1242,3,9,26241.55,4,3,3,10,Champions,0,0.0,
CUST1243,22,9,23168.149999999998,4,3,3,10,Champions,0,0.0,
CUST1244,29,16,29998.75,3,4,3,10,Champions,0,0.0,
CUST1245,25,10,13103.0,4,3,2,9,Loyal customers,0,0.0,
CUST1246,29,8,22075.0,3,3,3,9,Loyal customers,0,0.0,
CUST1249,14,20,33815.8,4,4,4,12,Champions,0,0.0,
CUST1250,92,8,16517.5,2,3,2,7,Loyal customers,1,0.9333333333333333,High
CUST1251,15,11,41840.45,4,3,4,11,Champions,0,0.0,
CUST1252,294,3,2846.2,1,1,1,3,Lost / inactive,1,1.0,High
CUST1255,30,10,37068.6,3,3,4,10,Champions,0,0.0,
CUST1256,33,3,6201.3,3,1,2,6,At-risk,0,0.0,
CUST1258,39,3,4051.3,3,1,1,5,At-risk,0,0.0,
CUST1260,276,6,22179.5,1,2,3,6,At-risk,1,1.0,High
CUST1262,36,13,35157.1,3,3,4,10,Champions,0,0.0,
CUST1263,723,1,11997.0,1,1,2,4,Lost / inactive,1,1.0,High
CUST1264,212,4,4063.05,1,2,1,4,Lost / inactive,1,1.0,High
CUST1267,703,1,1077.6,1,1,1,3,Lost / inactive,1,1.0,High
CUST1268,271,3,2874.0,1,1,1,3,Lost / inactive,1,1.0,High
CUST1269,97,7,27733.0,2,2,3,7,Loyal customers,1,0.9866666666666667,High
CUST1271,38,10,23849.75,3,3,3,9,Loyal customers,0,0.0,
CUST1272,27,17,36744.25,3,4,4,11,Champions,0,0.0,
CUST1273,97,11,38766.4,2,3,4,9,Loyal customers,1,0.98,High
CUST1275,321,4,5782.1,1,2,1,4,Lost / inactive,1,1.0,High
CUST1278,62,19,39867.75,3,4,4,11,Champions,0,0.0,
CUST1279,582,1,2396.0,1,1,1,3,Lost / inactive,1,1.0,High
CUST1280,384,1,1596.8,1,1,1,3,Lost / inactive,1,1.0,High
CUST1281,114,7,12661.400000000001,2,2,2,6,At-risk,1,1.0,High
CUST1282,37,11,28161.35,3,3,3,9,Loyal customers,0,0.0,
CUST1283,337,4,4162.55,1,2,1,4,Lost / inactive,1,1.0,High
CUST1285,406,3,2084.7,1,1,1,3,Lost / inactive,1,1.0,High
CUST1286,43,3,3987.05,3,1,1,5,At-risk,0,0.0,
CUST1288,352,3,2757.1,1,1,1,3,Lost / inactive,1,1.0,High
CUST1293,8,8,23801.2,4,3,3,10,Champions,0,0.0,
CUST1294,77,6,17470.1,2,2,3,7,Loyal customers,0,0.0,
CUST1295,4,9,36913.45,4,3,4,11,Champions,0,0.006666666666666667,Low
CUST1296,606,1,179.1,1,1,1,3,Lost / inactive,1,1.0,High
CUST1299,6,7,19970.7,4,2,3,9,Loyal customers,0,0.0,
CUST1300,295,17,56386.25,1,4,4,9,Loyal customers,1,0.9933333333333333,High
CUST1302,8,20,68148.75,4,4,4,12,Champions,0,0.0,
CUST1304,81,6,7763.65,2,2,2,6,At-risk,0,0.0,
CUST1305,80,12,34442.15,2,3,4,9,Loyal customers,0,0.013333333333333334,Low
CUST1306,79,17,40112.7,2,4,4,10,Champions,0,0.02,Low
CUST1307,94,8,23840.2,2,3,3,8,Loyal customers,1,1.0,High
CUST1308,42,12,23637.95,3,3,3,9,Loyal customers,0,0.0,
CUST1310,13,13,26605.25,4,3,3,10,Champions,0,0.0,
CUST1312,5,12,27229.35,4,3,3,10,Champions,0,0.0,
CUST1313,10,6,8185.0,4,2,2,8,Loyal customers,0,0.0,
CUST1314,29,16,28329.4,3,4,3,10,Champions,0,0.0,
CUST1315,234,4,5861.7,1,2,2,5,At-risk,1,1.0,High
CUST1316,62,6,23715.6,3,2,3,8,Loyal customers,0,0.0,
CUST1317,125,3,3750.7,2,1,1,4,Lost / inactive,1,1.0,High
CUST1318,46,15,46800.8,3,4,4,11,Champions,0,0.0,
CUST1322,428,1,1198.0,1,1,1,3,Lost / inactive,1,1.0,High
CUST1323,83,20,36730.8,2,4,4,10,Champions,0,0.013333333333333334,Low
CUST1325,12,23,70287.2,4,4,4,12,Champions,0,0.0,
CUST1326,565,2,2448.1,1,1,1,3,Lost / inactive,1,1.0,High
CUST1327,468,1,599.0,1,1,1,3,Lost / inactive,1,1.0,High
CUST1328,42,10,23281.85,3,3,3,9,Loyal customers,0,0.0,
CUST1329,18,10,23177.649999999998,4,3,3,10,Champions,0,0.0,
CUST1330,339,3,10757.3,1,1,2,4,Lost / inactive,1,1.0,High
CUST1331,280,4,13759.0,1,2,2,5,At-risk,1,0.9933333333333333,High
CUST1332,18,12,12800.2,4,3,2,9,Loyal customers,0,0.0,
CUST1334,5,17,35984.6,4,4,4,12,Champions,0,0.0,
CUST1335,74,19,49971.95,2,4,4,10,Champions,0,0.006666666666666667,Low
CUST1336,343,3,5266.25,1,1,1,3,Lost / inactive,1,1.0,High
CUST1337,306,1,3596.0,1,1,1,3,Lost / inactive,1,1.0,High
CUST1338,28,8,11799.05,3,3,2,8,Loyal customers,0,0.0,
CUST1341,688,1,508.3,1,1,1,3,Lost / inactive,1,1.0,High
CUST1342,185,4,5794.4,1,2,2,5,At-risk,1,1.0,High
CUST1343,29,23,50085.0,3,4,4,11,Champions,0,0.0,
CUST1344,58,11,22328.1,3,3,3,9,Loyal customers,0,0.0,
CUST1345,132,9,54906.7,2,3,4,9,Loyal customers,1,0.9933333333333333,High
CUST1346,304,1,1497.0,1,1,1,3,Lost / inactive,1,1.0,High
CUST1348,68,1,3499.0,2,1,1,4,Lost / inactive,0,0.006666666666666667,Low
CUST1349,4,28,71231.85,4,4,4,12,Champions,0,0.0,
CUST1351,55,15,45343.55,3,4,4,11,Champions,0,0.0,
CUST1352,94,7,17614.649999999998,2,2,3,7,Loyal customers,1,1.0,High
CUST1353,269,2,3879.6,1,1,1,3,Lost / inactive,1,0.9933333333333333,High
CUST1354,207,8,18603.8,1,3,3,7,Loyal customers,1,1.0,High
CUST1355,442,2,2905.15,1,1,1,3,Lost / inactive,1,1.0,High
CUST1356,11,12,29396.55,4,3,3,10,Champions,0,0.006666666666666667,Low
CUST1357,142,16,52712.9,2,4,4,10,Champions,1,0.9866666666666667,High
CUST1358,95,3,2831.9500000000003,2,1,1,4,Lost / inactive,1,0.9866666666666667,High
CUST1359,310,2,3096.3,1,1,1,3,Lost / inactive,1,1.0,High
CUST1360,593,2,1835.4,1,1,1,3,Lost / inactive,1,1.0,High
CUST1361,27,16,47280.4,3,4,4,11,Champions,0,0.0,
CUST1362,130,1,897.0,2,1,1,4,Lost / inactive,1,1.0,High
CUST1363,101,9,26072.5,2,3,3,8,Loyal customers,1,0.9866666666666667,High
CUST1364,58,7,15399.45,3,2,2,7,Loyal customers,0,0.0,
CUST1365,77,11,20341.2,2,3,3,8,Loyal customers,0,0.02666666666666667,Low
CUST1367,77,11,19213.7,2,3,3,8,Loyal customers,0,0.02666666666666667,Low
CUST1368,16,27,55422.1,4,4,4,12,Champions,0,0.0,
CUST1370,4,1,948.1,4,1,1,6,At-risk,0,0.0,
CUST1371,5,18,55085.85,4,4,4,12,Champions,0,0.0,
CUST1372,273,1,11196.8,1,1,2,4,Lost / inactive,1,1.0,High
CUST1373,58,11,41448.0,3,3,4,10,Champions,0,0.0,
CUST1374,66,9,27410.949999999997,2,3,3,8,Loyal customers,0,0.013333333333333334,Low
CUST1376,32,11,20349.25,3,3,3,9,Loyal customers,0,0.0,
CUST1377,33,2,2355.4,3,1,1,5,At-risk,0,0.0,
CUST1378,383,4,3605.3,1,2,1,4,Lost / inactive,1,1.0,High
CUST1379,252,1,3196.0,1,1,1,3,Lost / inactive,1,1.0,High
CUST1380,10,6,18286.8,4,2,3,9,Loyal customers,0,0.0,
CUST1382,110,1,848.3,2,1,1,4,Lost / inactive,1,1.0,High
CUST1383,32,17,47079.85,3,4,4,11,Champions,0,0.0,
CUST1385,54,4,15987.3,3,2,2,7,Loyal customers,0,0.0,
CUST1386,356,2,2094.0,1,1,1,3,Lost / inactive,1,1.0,High
CUST1387,3,11,28494.1,4,3,3,10,Champions,0,0.0,
CUST1389,22,14,26886.75,4,3,3,10,Champions,0,0.0,
CUST1390,220,1,199.0,1,1,1,3,Lost / inactive,1,1.0,High
CUST1391,174,2,4197.05,2,1,1,4,Lost / inactive,1,1.0,High
CUST1394,195,2,5994.4,1,1,2,4,Lost / inactive,1,1.0,High
CUST1395,287,3,5447.65,1,1,1,3,Lost / inactive,1,1.0,High
CUST1396,27,12,25297.0,3,3,3,9,Loyal customers,0,0.0,
CUST1397,71,5,14115.85,2,2,2,6,At-risk,0,0.013333333333333334,Low
CUST1399,28,8,8734.1,3,3,2,8,Loyal customers,0,0.0,
CUST1400,14,12,31328.4,4,3,3,10,Champions,0,0.006666666666666667,Low
CUST1404,13,10,28995.65,4,3,3,10,Champions,0,0.0,
CUST1405,74,7,20167.65,2,2,3,7,Loyal customers,0,0.006666666666666667,Low
CUST1406,6,5,6069.5,4,2,2,8,Loyal customers,0,0.0,
CUST1407,1,25,76377.05,4,4,4,12,Champions,0,0.0,
CUST1408,13,16,41772.1,4,4,4,12,Champions,0,0.0,
CUST1409,163,2,11136.449999999999,2,1,2,5,At-risk,1,0.9866666666666667,High
CUST1410,2,19,36536.5,4,4,4,12,Champions,0,0.0,
CUST1412,697,1,9996.0,1,1,2,4,Lost / inactive,1,1.0,High
CUST1413,522,1,4676.4,1,1,1,3,Lost / inactive,1,1.0,High
CUST1415,1,4,8568.25,4,2,2,8,Loyal customers,0,0.0,
CUST1416,103,21,46597.4,2,4,4,10,Champions,1,0.9866666666666667,High
CUST1419,399,1,996.0,1,1,1,3,Lost / inactive,1,1.0,High
CUST1420,1,24,45356.0,4,4,4,12,Champions,0,0.0,
CUST1421,28,2,2876.4,3,1,1,5,At-risk,0,0.0,
CUST1422,194,5,23167.25,1,2,3,6,At-risk,1,1.0,High
CUST1425,3,24,69346.4,4,4,4,12,Champions,0,0.0,
CUST1426,14,30,87070.45,4,4,4,12,Champions,0,0.0,
CUST1428,18,24,42877.65,4,4,4,12,Champions,0,0.0,
CUST1429,100,8,14565.3,2,3,2,7,Loyal customers,1,1.0,High
CUST1430,63,15,31126.05,3,4,3,10,Champions,0,0.0,
CUST1431,77,5,14267.9,2,2,2,6,At-risk,0,0.013333333333333334,Low
CUST1432,17,3,8331.4,4,1,2,7,Loyal customers,0,0.0,
CUST1433,231,4,5320.75,1,2,1,4,Lost / inactive,1,1.0,High
CUST1434,29,10,41324.6,3,3,4,10,Champions,0,0.0,
CUST1437,406,1,3799.05,1,1,1,3,Lost / inactive,1,1.0,High
CUST1438,19,7,14850.85,4,2,2,8,Loyal customers,0,0.0,
CUST1439,151,1,6298.2,2,1,2,5,At-risk,1,1.0,High
CUST1440,5,9,22208.55,4,3,3,10,Champions,0,0.0,
CUST1441,4,21,31450.35,4,4,3,11,Champions,0,0.0,
CUST1443,11,15,49050.0,4,4,4,12,Champions,0,0.0,
CUST1444,193,2,4626.3,1,1,1,3,Lost / inactive,1,1.0,High
CUST1445,171,13,28333.4,2,3,3,8,Loyal customers,1,0.9933333333333333,High
CUST1447,29,6,16284.55,3,2,2,7,Loyal customers,0,0.0,
CUST1448,14,15,22251.35,4,4,3,11,Champions,0,0.0,
CUST1449,11,19,51230.05,4,4,4,12,Champions,0,0.0,
CUST1450,29,5,8025.4,3,2,2,7,Loyal customers,0,0.0,
CUST1451,115,10,19195.800000000003,2,3,3,8,Loyal customers,1,1.0,High
CUST1452,69,7,9376.05,2,2,2,6,At-risk,0,0.006666666666666667,Low
CUST1453,11,21,74196.4,4,4,4,12,Champions,0,0.0,
CUST1454,235,4,7189.3,1,2,2,5,At-risk,1,1.0,High
CUST1456,55,14,72756.9,3,3,4,10,Champions,0,0.0,
CUST1457,1,7,12067.25,4,2,2,8,Loyal customers,0,0.0,
CUST1458,14,6,14503.65,4,2,2,8,Loyal customers,0,0.0,
CUST1459,35,1,5196.0,3,1,1,5,At-risk,0,0.0,
CUST1460,219,8,14825.45,1,3,2,6,At-risk,1,1.0,High
CUST1461,534,1,474.05,1,1,1,3,Lost / inactive,1,1.0,High
CUST1462,162,5,15561.099999999999,2,2,2,6,At-risk,1,1.0,High
CUST1464,122,5,7737.3,2,2,2,6,At-risk,1,0.9933333333333333,High
CUST1465,5,31,56654.9,4,4,4,12,Champions,0,0.0,
CUST1467,24,18,49710.45,4,4,4,12,Champions,0,0.0,
CUST1468,573,1,1798.0,1,1,1,3,Lost / inactive,1,1.0,High
CUST1469,6,23,53647.75,4,4,4,12,Champions,0,0.0,
CUST1470,46,7,15924.5,3,2,2,7,Loyal customers,0,0.0,
CUST1471,206,2,2873.3,1,1,1,3,Lost / inactive,1,1.0,High
CUST1472,100,11,30102.9,2,3,3,8,Loyal customers,1,0.9933333333333333,High
CUST1473,34,16,32359.25,3,4,3,10,Champions,0,0.0,
CUST1474,445,2,2182.6,1,1,1,3,Lost / inactive,1,1.0,High
CUST1475,434,3,5395.0,1,1,1,3,Lost / inactive,1,1.0,High
CUST1476,251,3,2296.0,1,1,1,3,Lost / inactive,1,1.0,High
CUST1477,35,10,15505.4,3,3,2,8,Loyal customers,0,0.0,
CUST1478,20,9,21690.1,4,3,3,10,Champions,0,0.0,
CUST1479,20,9,13584.55,4,3,2,9,Loyal customers,0,0.0,
CUST1480,139,2,2237.1,2,1,1,4,Lost / inactive,1,1.0,High
CUST1481,67,17,45290.7,2,4,4,10,Champions,0,0.0,
CUST1483,159,3,3086.55,2,1,1,4,Lost / inactive,1,1.0,High
CUST1486,549,1,349.0,1,1,1,3,Lost / inactive,1,1.0,High
CUST1487,140,2,5154.2,2,1,1,4,Lost / inactive,1,1.0,High
CUST1488,174,5,16207.4,2,2,2,6,At-risk,1,1.0,High
CUST1489,561,1,538.2,1,1,1,3,Lost / inactive,1,1.0,High
CUST1490,491,1,1198.0,1,1,1,3,Lost / inactive,1,1.0,High
CUST1492,145,6,17205.6,2,2,3,7,Loyal customers,1,1.0,High
CUST1493,568,2,2944.1,1,1,1,3,Lost / inactive,1,1.0,High
CUST1495,18,6,7250.150000000001,4,2,2,8,Loyal customers,0,0.0,
CUST1496,161,7,23100.8,2,2,3,7,Loyal customers,1,1.0,High
CUST1497,26,8,23507.4,3,3,3,9,Loyal customers,0,0.0,
CUST1498,291,1,599.0,1,1,1,3,Lost / inactive,1,1.0,High
CUST1499,474,1,2499.0,1,1,1,3,Lost / inactive,1,1.0,High
CUST1500,5,14,59386.1,4,3,4,11,Champions,0,0.0,
